"Date","Stock","Oil","EuroToDollar","Gold"
"2015-11-23",2089.40991210938,41.490002,0.9432,1124.7
"2015-11-24",2084.419921875,42.040001,0.9388,1131.6
"2015-11-25",2089.30004882812,42.689999,0.942,1128.4
"2015-11-27",2088.82006835938,43.25,0.9438,1114.5
"2015-11-30",2090.94995117188,41.77,0.9468,1123.9
"2015-12-01",2082.92993164062,41.73,0.9416,1122
"2015-12-02",2101.7099609375,41.689999,0.9458,1112.4
"2015-12-03",2080.7099609375,40.150002,0.9173,1120.6
"2015-12-04",2051.23999023438,41.310001,0.9188,1143.2
"2015-12-07",2090.419921875,40.099998,0.9225,1134.3
"2015-12-08",2073.38989257812,37.68,0.9195,1134
"2015-12-09",2061.169921875,37.860001,0.9104,1134.9
"2015-12-10",2047.93005371094,37.27,0.9134,1130.3
"2015-12-11",2047.27001953125,36.630001,0.9089,1133.8
"2015-12-14",2013.36999511719,35.400002,0.907,1121.4
"2015-12-15",2025.55004882812,36.32,0.9165,1119.8
"2015-12-16",2046.5,36.790001,0.9143,1135.3
"2015-12-17",2073.76000976562,35.799999,0.9256,1108.1
"2015-12-18",2040.81005859375,34.869999,0.9219,1123.3
"2015-12-21",2010.27001953125,34.580002,0.9158,1140.5
"2015-12-22",2023.15002441406,35.799999,0.9109,1134
"2015-12-23",2042.19995117188,36.470001,0.9195,1128.2
"2015-12-24",2063.52001953125,37.860001,0.9128,1135.9
"2015-12-28",2057.77001953125,38,0.9105,1128.1
"2015-12-29",2060.5400390625,36.700001,0.9161,1128.6
"2015-12-30",2077.34008789062,37.360001,0.9164,1120.8
"2015-12-31",2060.59008789062,36.810001,0.9209,1121
"2016-01-04",2038.19995117188,37.599998,0.9257,1135.5
"2016-01-05",2013.78002929688,36.900002,0.9308,1138.4
"2016-01-06",2011.7099609375,36.18,0.9292,1151.9
"2016-01-07",1985.31994628906,34.09,0.9208,1162.7
"2016-01-08",1945.96997070312,33.299999,0.9187,1151.7
"2016-01-11",1926.11999511719,32.939999,0.9193,1148.5
"2016-01-12",1927.82995605469,31.110001,0.9228,1137.1
"2016-01-13",1940.33996582031,30.540001,0.9206,1137.4
"2016-01-14",1891.68005371094,30.6,0.9206,1123
"2016-01-15",1916.68005371094,31.18,0.9121,1137.5
"2016-01-18",1916.68005371094,NA,NA,1090.2
"2016-01-19",1888.66003417969,29.200001,0.9169,1135.8
"2016-01-20",1876.18005371094,28.33,0.9168,1151.7
"2016-01-21",1861.4599609375,28.35,0.9231,1143.6
"2016-01-22",1877.40002441406,29.84,0.9247,1142.6
"2016-01-25",1906.28002929688,32.049999,0.9232,1152.4
"2016-01-26",1878.7900390625,29.809999,0.922,1167.3
"2016-01-27",1902.52001953125,30.549999,0.9202,1163.9
"2016-01-28",1885.21997070312,32.189999,0.9131,1163.7
"2016-01-29",1894,33.700001,0.9232,1161.9
"2016-02-01",1936.93994140625,33.830002,0.9184,1173.5
"2016-02-02",1935.26000976562,31.370001,0.9168,1170.1
"2016-02-03",1907.06994628906,29.75,0.9049,1183.3
"2016-02-04",1911.67004394531,32.709999,0.8929,1197.7
"2016-02-05",1913.06994628906,31.639999,0.8984,1220.4
"2016-02-08",1873.25,30.969999,0.8953,1243.8
"2016-02-09",1848.4599609375,30.17,0.885,1236.9
"2016-02-10",1857.09997558594,28.360001,0.8911,1232.6
"2016-02-11",1847,27.34,0.8801,1269
"2016-02-12",1833.40002441406,27.299999,0.8901,1271.2
"2016-02-15",1833.40002441406,NA,NA,1234
"2016-02-16",1871.43994140625,29.08,0.8977,1230
"2016-02-17",1898.80004882812,29.139999,0.8977,1247.2
"2016-02-18",1927.56994628906,31.35,0.9016,1262.5
"2016-02-19",1916.73999023438,30.6,0.8987,1267.4
"2016-02-22",1924.43994140625,29.719999,0.9076,1246
"2016-02-23",1942.38000488281,33.34,0.9078,1261.4
"2016-02-24",1917.56005859375,31.280001,0.9074,1277.1
"2016-02-25",1931.86999511719,32.189999,0.9069,1277
"2016-02-26",1954.94995117188,33.040001,0.9147,1258.8
"2016-02-29",1947.13000488281,32.720001,0.9201,1273.3
"2016-03-01",1937.08996582031,33.900002,0.9219,1271.2
"2016-03-02",1976.59997558594,33.889999,0.9221,1283
"2016-03-03",1985.59997558594,34.73,0.9134,1300.7
"2016-03-04",1994.01000976562,34.66,0.9083,1315.6
"2016-03-07",1996.10998535156,36.200001,0.9088,1310.3
"2016-03-08",1996.88000488281,37.939999,0.9068,1309
"2016-03-09",1981.43994140625,36.360001,0.9073,1304
"2016-03-10",1990.96997070312,38.169998,0.8959,1299
"2016-03-11",1994.7099609375,37.990002,0.8945,1308.6
"2016-03-14",2019.27001953125,38.169998,0.9003,1285
"2016-03-15",2015.27001953125,37.369999,0.8999,1280.2
"2016-03-16",2014.23999023438,36.740002,0.9029,1280.9
"2016-03-17",2026.90002441406,38.59,0.8837,1314.1
"2016-03-18",2041.16003417969,40.25,0.8856,1302
"2016-03-21",2047.88000488281,39.060001,0.8881,1292.7
"2016-03-22",2048.63989257812,41.59,0.8906,1298.8
"2016-03-23",2048.55004882812,41.189999,0.8949,1299
"2016-03-24",2032.47998046875,39.73,0.8958,1272.4
"2016-03-28",2037.89001464844,39.549999,0.8921,1270.7
"2016-03-29",2035.75,39.32,0.8925,1286.3
"2016-03-30",2058.27001953125,38.52,0.8826,1276.9
"2016-03-31",2063.77001953125,38.299999,0.878,1280.9
"2016-04-01",2056.6201171875,38.139999,0.8783,1268.9
"2016-04-04",2073.18994140625,36.610001,0.8783,1264.7
"2016-04-05",2062.5,35.5,0.8792,1274.5
"2016-04-06",2045.56005859375,36.52,0.8749,1268.8
"2016-04-07",2063.01000976562,37.759998,0.8783,1282.3
"2016-04-08",2045.5400390625,37.52,0.8767,1287.3
"2016-04-11",2050.22998046875,39.720001,0.8763,1302.4
"2016-04-12",2043.71997070312,40.349998,0.8776,1306.4
"2016-04-13",2065.919921875,41.630001,0.8864,1293.9
"2016-04-14",2082.88989257812,41.540001,0.8879,1272.1
"2016-04-15",2083.10009765625,41.43,0.8853,1279.7
"2016-04-18",2078.830078125,38.75,0.8832,1280.3
"2016-04-19",2096.05004882812,40.040001,0.8791,1300.8
"2016-04-20",2101.52001953125,40.799999,0.8826,1302.3
"2016-04-21",2102.09008789062,43.970001,0.8849,1299.5
"2016-04-22",2091.48999023438,43.419998,0.8898,1278.8
"2016-04-25",2089.3701171875,43.75,0.887,1289.1
"2016-04-26",2089.84008789062,42.959999,0.8835,1292.4
"2016-04-27",2092.330078125,44.639999,0.8832,1299.8
"2016-04-28",2090.92993164062,45.299999,0.883,1316.8
"2016-04-29",2071.82006835938,45.900002,0.874,1341.4
"2016-05-02",2067.169921875,45.900002,0.8684,1347.3
"2016-05-03",2077.17993164062,44.919998,0.869,1342.8
"2016-05-04",2060.30004882812,43.849998,0.8706,1324.3
"2016-05-05",2052.94995117188,44.040001,0.8769,1317.8
"2016-05-06",2047.77001953125,44.52,0.8756,1340.1
"2016-05-09",2057.55004882812,45,0.877,1312.9
"2016-05-10",2062.6298828125,43.25,0.8783,1311.3
"2016-05-11",2083.2900390625,44.599998,0.8738,1322.6
"2016-05-12",2067.169921875,46,0.8787,1317.7
"2016-05-13",2062.5,46.41,0.8854,1319.5
"2016-05-16",2046.53002929688,46.279999,0.8828,1321.8
"2016-05-17",2065.0400390625,47.900002,0.8821,1324.9
"2016-05-18",2044.38000488281,48.529999,0.8868,1324.3
"2016-05-19",2044.2099609375,47.869999,0.8917,1305.9
"2016-05-20",2041.88000488281,48.200001,0.8923,1305.9
"2016-05-23",2052.22998046875,48.459999,0.8935,1304.9
"2016-05-24",2052.64990234375,48.080002,0.8973,1282.7
"2016-05-25",2078.92993164062,49.09,0.8965,1277.4
"2016-05-26",2091.43994140625,49.700001,0.8941,1273.6
"2016-05-27",2090.06005859375,49.310001,0.8977,1267.6
"2016-05-31",2100.1298828125,49.540001,0.8981,1269.3
"2016-06-01",2093.93994140625,48.82,0.8957,1267.2
"2016-06-02",2097.7099609375,48.900002,0.8963,1264.9
"2016-06-03",2104.07006835938,49.040001,0.8826,1294.6
"2016-06-06",2100.830078125,48.880001,0.8807,1299.4
"2016-06-07",2110.17993164062,49.709999,0.8811,1298.8
"2016-06-08",2112.7099609375,50.41,0.8772,1314
"2016-06-09",2115.64990234375,51.450001,0.8827,1324.4
"2016-06-10",2109.57006835938,50.470001,0.8864,1327.7
"2016-06-13",2091.75,48.849998,0.8864,1337.7
"2016-06-14",2076.64990234375,48.52,0.8924,1335.2
"2016-06-15",2077.60009765625,47.900002,0.8898,1335
"2016-06-16",2066.36010742188,47.450001,0.8962,1345.6
"2016-06-17",2078.19995117188,45.990002,0.8884,1342.9
"2016-06-20",2075.580078125,48.290001,0.8835,1344.2
"2016-06-21",2085.18994140625,49.139999,0.8879,1324.6
"2016-06-22",2089.75,50.220001,0.8861,1322.1
"2016-06-23",2092.80004882812,49.080002,0.8793,1317.7
"2016-06-24",2103.81005859375,50.299999,0.8988,1376.8
"2016-06-27",2031.44995117188,47.810001,0.9071,1378.8
"2016-06-28",2006.67004394531,46.59,0.9046,1372.2
"2016-06-29",2042.68994140625,48.060001,0.8995,1381.4
"2016-06-30",2073.169921875,49.549999,0.9065,1375
"2016-07-01",2099.34008789062,48.380001,0.8973,1394.3
"2016-07-05",2095.05004882812,49.110001,0.9025,1414.4
"2016-07-06",2084.42993164062,46.830002,0.9028,1422.8
"2016-07-07",2100.419921875,47.880001,0.9038,1415
"2016-07-08",2106.96997070312,45.189999,0.906,1412
"2016-07-11",2131.71997070312,45.07,0.9054,1411.3
"2016-07-12",2139.5,44.580002,0.903,1390.7
"2016-07-13",2153.81005859375,46.580002,0.8999,1399
"2016-07-14",2157.8798828125,45.139999,0.9002,1387.7
"2016-07-15",2165.1298828125,45.52,0.9042,1383.5
"2016-07-18",2162.0400390625,46.119999,0.9029,1385.4
"2016-07-19",2163.7900390625,45.23,0.9079,1392.3
"2016-07-20",2166.10009765625,44.59,0.9085,1379.7
"2016-07-21",2172.90991210938,45.650002,0.9078,1392.2
"2016-07-22",2166.46997070312,44.599998,0.9117,1385.5
"2016-07-25",2173.7099609375,44.200001,0.9107,1381.3
"2016-07-26",2168.96997070312,43.07,0.9104,1382.6
"2016-07-27",2169.81005859375,42.66,0.9101,1392
"2016-07-28",2166.05004882812,41.93,0.9014,1402.8
"2016-07-29",2168.830078125,41.119999,0.8954,1415.7
"2016-08-01",2173.14990234375,41.349998,0.8948,1416.2
"2016-08-02",2169.93994140625,40.080002,0.8909,1429.4
"2016-08-03",2156.81005859375,39.700001,0.8953,1423.9
"2016-08-04",2163.51000976562,41.16,0.8981,1427.9
"2016-08-05",2168.7900390625,41.84,0.9025,1407.9
"2016-08-08",2183.76000976562,41.990002,0.9027,1405.3
"2016-08-09",2182.23999023438,42.830002,0.9001,1409.9
"2016-08-10",2182.81005859375,42.740002,0.8952,1415.6
"2016-08-11",2177.96997070312,41.48,0.8954,1414
"2016-08-12",2183.73999023438,43.459999,0.8951,1406.8
"2016-08-15",2186.080078125,44.740002,0.8929,1410.6
"2016-08-16",2186.23999023438,45.59,0.8868,1410.7
"2016-08-17",2177.84008789062,46.369999,0.8879,1410.6
"2016-08-18",2181.89990234375,46.900002,0.8823,1419.1
"2016-08-19",2184.23999023438,48.330002,0.8829,1408
"2016-08-22",2181.580078125,48.400002,0.8839,1405.2
"2016-08-23",2187.81005859375,47.389999,0.8843,1407.8
"2016-08-24",2185.09008789062,47.59,0.8884,1389
"2016-08-25",2173.2900390625,46.799999,0.887,1384.4
"2016-08-26",2175.10009765625,47.369999,0.8899,1383.2
"2016-08-29",2170.18994140625,47.220001,0.8943,1384.4
"2016-08-30",2179.44995117188,46.98,0.8969,1374.5
"2016-08-31",2173.56005859375,46.240002,0.8972,1367.9
"2016-09-01",2171.330078125,44.849998,0.8933,1372.6
"2016-09-02",2177.48999023438,43.549999,0.8962,1385.3
"2016-09-06",2181.61010742188,44.150002,0.8899,1411.1
"2016-09-07",2185.169921875,44.849998,0.8898,1407.1
"2016-09-08",2182.76000976562,46.119999,0.8884,1400.2
"2016-09-09",2169.080078125,47.360001,0.8917,1393.1
"2016-09-12",2120.86010742188,45.57,0.8905,1384.4
"2016-09-13",2150.46997070312,46.060001,0.8895,1380.8
"2016-09-14",2127.86010742188,45,0.8872,1386.7
"2016-09-15",2125.36010742188,43.700001,0.8892,1379.3
"2016-09-16",2146.47998046875,43.709999,0.8961,1367.1
"2016-09-19",2143.98999023438,43.18,0.8945,1374.4
"2016-09-20",2145.93994140625,43.130001,0.8951,1374.7
"2016-09-21",2144.580078125,44.5,0.8957,1388.3
"2016-09-22",2170.93994140625,45.619999,0.8906,1399.2
"2016-09-23",2173.2900390625,46.07,0.891,1396
"2016-09-26",2158.5400390625,44.619999,0.8873,1398.6
"2016-09-27",2146.0400390625,45.619999,0.8922,1384.4
"2016-09-28",2161.85009765625,44.959999,0.8929,1376.7
"2016-09-29",2168.89990234375,47.200001,0.8894,1379.1
"2016-09-30",2156.51000976562,47.759998,0.8898,1383.5
"2016-10-03",2164.330078125,48.040001,0.8921,1365.9
"2016-10-04",2163.3701171875,48.650002,0.8919,1322.1
"2016-10-05",2155.14990234375,49.259998,0.8932,1321.3
"2016-10-06",2158.21997070312,49.650002,0.8962,1305.5
"2016-10-07",2164.18994140625,50.59,0.8964,1304.5
"2016-10-11",2161.35009765625,51.099998,0.904,1309.5
"2016-10-12",2137.669921875,50.84,0.9079,1307.7
"2016-10-13",2130.26000976562,50,0.906,1312.3
"2016-10-14",2139.67993164062,50.580002,0.9103,1310.4
"2016-10-17",2132.94995117188,50.23,0.9091,1311.8
"2016-10-18",2138.31005859375,50.040001,0.9093,1318.6
"2016-10-19",2140.81005859375,50.77,0.9119,1325.2
"2016-10-20",2142.51000976562,51.400002,0.9146,1323.5
"2016-10-21",2139.42993164062,50.66,0.9203,1323
"2016-10-24",2148.5,50.849998,0.9184,1317.2
"2016-10-25",2149.71997070312,50.490002,0.9183,1331.6
"2016-10-26",2136.96997070312,49.310001,0.9161,1324.6
"2016-10-27",2144.06005859375,49.220001,0.9171,1330
"2016-10-28",2132.22998046875,49.610001,0.9146,1337.1
"2016-10-31",2129.78002929688,48.25,0.9122,1333.7
"2016-11-01",2128.67993164062,46.77,0.9056,1348
"2016-11-02",2109.42993164062,46.32,0.8994,1368
"2016-11-03",2098.80004882812,45.48,0.9014,1363.8
"2016-11-04",2083.7900390625,44.630001,0.8992,1365.7
"2016-11-07",2100.59008789062,44.450001,0.906,1340.4
"2016-11-08",2129.919921875,44.970001,0.9063,1336.2
"2016-11-09",2131.56005859375,44.82,0.9131,1334
"2016-11-10",2167.48999023438,45.310001,0.9189,1326.6
"2016-11-14",2165.63989257812,43.200001,0.9326,1286.9
"2016-11-15",2168.2900390625,43.759998,0.9323,1290.9
"2016-11-16",2177.53002929688,45.77,0.9347,1290.3
"2016-11-17",2178.61010742188,45.369999,0.9384,1283.8
"2016-11-18",2186.85009765625,44.93,0.9434,1276.4
"2016-11-21",2186.42993164062,45.830002,0.9437,1276.8
"2016-11-22",2201.56005859375,48.369999,0.9418,1278
"2016-11-23",2198.55004882812,47.939999,0.947,1256.9
"2016-11-25",2206.27001953125,47.970001,0.9438,1245.5
"2016-11-28",2210.2099609375,45.43,0.9455,1258.6
"2016-11-29",2200.76000976562,46.880001,0.9411,1255.5
"2016-11-30",2204.96997070312,45.240002,0.9454,1238.4
"2016-12-01",2200.169921875,49.07,0.9404,1233.7
"2016-12-02",2191.1201171875,51.009998,0.9376,1242.4
"2016-12-05",2200.64990234375,51.459999,0.9326,1236.7
"2016-12-06",2207.26000976562,50.970001,0.9331,1235
"2016-12-07",2210.71997070312,50.93,0.9295,1250.6
"2016-12-08",2241.1298828125,49.880001,0.9412,1246.4
"2016-12-09",2249.72998046875,50.919998,0.9487,1236
"2016-12-12",2258.830078125,52.580002,0.9429,1240.3
"2016-12-13",2263.32006835938,52.509998,0.9403,1233.6
"2016-12-14",2268.35009765625,52.450001,0.9384,1238.3
"2016-12-15",2253.77001953125,50.790001,0.9639,1213.1
"2016-12-16",2266.81005859375,51.099998,0.9564,1220.9
"2016-12-19",2259.23999023438,52.150002,0.9575,1225.9
"2016-12-20",2266.5,52.110001,0.9625,1217
"2016-12-21",2270.5400390625,53.560001,0.9592,1216.5
"2016-12-22",2262.92993164062,52.52,0.9568,1213.8
"2016-12-23",2260.25,52.68,0.957,1216.8
"2016-12-27",2266.22998046875,53.290001,0.9562,1221.9
"2016-12-28",2270.22998046875,53.93,0.9626,1224
"2016-12-29",2249.5,53.66,0.9537,1241.2
"2016-12-30",2251.61010742188,53.869999,0.9477,1239
"2017-01-03",2251.57006835938,54.200001,0.9601,1232.4
"2017-01-04",2261.60009765625,52.490002,0.9546,1247.1
"2017-01-05",2268.17993164062,53.389999,0.9436,1262.1
"2017-01-06",2271.13989257812,53.73,0.947,1256
"2017-01-09",2273.59008789062,53.75,0.9455,1262.8
"2017-01-10",2269.71997070312,51.830002,0.9459,1268.5
"2017-01-11",2268.60009765625,50.810001,0.9523,1280
"2017-01-12",2271.13989257812,52.369999,0.9376,1283.3
"2017-01-13",2272.73999023438,53.049999,0.9412,1281.3
"2017-01-17",2269.13989257812,52.549999,0.935,1297.4
"2017-01-18",2269.13989257812,52.52,0.9362,1295.7
"2017-01-19",2271.89990234375,51.389999,0.9407,1284
"2017-01-20",2269.9599609375,51.450001,NA,1289.2
"2017-01-23",2267.78002929688,53.330002,0.9311,1298.9
"2017-01-24",2267.8798828125,52.860001,0.9303,1299.6
"2017-01-25",2288.8798828125,52.950001,0.9308,1281.1
"2017-01-26",2298.6298828125,52.959999,0.9372,1275.1
"2017-01-27",2299.02001953125,53.740002,0.9355,1271.7
"2017-01-30",2286.01000976562,53.150002,0.9362,1276.4
"2017-01-31",2274.02001953125,52.599998,0.9264,1291.8
"2017-02-01",2285.59008789062,52.759998,0.9295,1289
"2017-02-02",2276.68994140625,53.57,0.9258,1300.6
"2017-02-03",2288.5400390625,53.68,0.9266,1302.2
"2017-02-06",2294.28002929688,53.810001,0.9319,1313.3
"2017-02-07",2295.8701171875,53.139999,0.9355,1314.1
"2017-02-08",2289.55004882812,51.639999,0.9339,1323.9
"2017-02-09",2296.69995117188,52.369999,0.9383,1315.4
"2017-02-10",2312.27001953125,53.150002,0.939,1319
"2017-02-13",2321.71997070312,53.799999,0.9431,1304.9
"2017-02-14",2326.1201171875,52.91,0.9454,1304.9
"2017-02-15",2335.580078125,53,0.9437,1314.2
"2017-02-16",2349.63989257812,53.009998,0.9381,1322.7
"2017-02-17",2343.01000976562,53.470001,0.9422,1319.4
"2017-02-21",2354.90991210938,53.48,0.9478,1319.2
"2017-02-22",2361.11010742188,54.259998,0.9474,1313.3
"2017-02-23",2367.5,53.91,0.9446,1331.7
"2017-02-24",2355.72998046875,54.330002,0.9452,1338.4
"2017-02-27",2365.22998046875,54.02,0.9413,1339.1
"2017-02-28",2366.080078125,54.040001,0.9418,1334.3
"2017-03-01",2380.1298828125,53.950001,0.9466,1331.1
"2017-03-02",2394.75,53.689999,0.9511,1313.9
"2017-03-03",2380.919921875,52.580002,0.9477,1308.8
"2017-03-06",2375.22998046875,53.189999,0.9446,1307.3
"2017-03-07",2370.73999023438,53.169998,0.945,1307.6
"2017-03-08",2369.81005859375,52.790001,0.9481,1291.9
"2017-03-09",2363.48999023438,50.220001,0.9446,1285.7
"2017-03-10",2372.52001953125,49.610001,0.9375,1284
"2017-03-13",2371.56005859375,48.450001,0.9372,1294
"2017-03-14",2368.55004882812,48.450001,0.9394,1286.3
"2017-03-15",2370.34008789062,48.759998,0.9407,1284.3
"2017-03-16",2387.7099609375,49.009998,0.9313,1310.7
"2017-03-17",2383.7099609375,48.790001,0.9309,1313.6
"2017-03-20",2378.23999023438,48.700001,0.9299,1317.2
"2017-03-21",2379.32006835938,47.93,0.9251,1316.5
"2017-03-22",2343,48.16,0.9259,1331.5
"2017-03-23",2345.96997070312,48.150002,0.927,1328.5
"2017-03-24",2350.419921875,47.669998,0.9254,1330.4
"2017-03-27",2329.11010742188,48.119999,0.9189,1337.4
"2017-03-28",2339.7900390625,47.889999,0.9215,1338.7
"2017-03-29",2356.5400390625,48.470001,0.9297,1335.5
"2017-03-30",2361.31005859375,49.599998,0.9323,1344
"2017-03-31",2364.82006835938,50.32,0.9348,1339
"2017-04-03",2362.34008789062,50.689999,0.9385,1332.7
"2017-04-04",2354.76000976562,50.240002,0.9377,1333.1
"2017-04-05",2366.59008789062,51.18,0.938,1327.5
"2017-04-06",2353.7900390625,50.799999,0.9389,1332.4
"2017-04-07",2356.59008789062,51.700001,0.942,1336.8
"2017-04-10",2357.15991210938,52.310001,0.9429,1333.3
"2017-04-11",2353.919921875,53.130001,0.9422,1353.4
"2017-04-12",2352.14990234375,53.400002,0.9424,1357.3
"2017-04-13",2341.97998046875,52.849998,0.9407,1366.7
"2017-04-17",2332.6201171875,52.970001,0.9381,1369.8
"2017-04-18",2342.53002929688,52.75,0.9341,1370.9
"2017-04-19",2346.7900390625,52.360001,0.934,1360.5
"2017-04-20",2342.68994140625,50.630001,0.9295,1361.7
"2017-04-21",2354.73999023438,50.709999,0.9351,1359.8
"2017-04-24",2370.330078125,49.68,0.922,1355.8
"2017-04-25",2381.51000976562,49.220001,0.914,1346
"2017-04-26",2388.97998046875,49.360001,0.9198,1343
"2017-04-27",2389.69995117188,49.220001,0.9205,1344.7
"2017-04-28",2393.67993164062,49.27,0.9179,1347.1
"2017-05-01",2388.5,49.169998,0.9164,1334.6
"2017-05-02",2391.05004882812,48.779999,0.9166,1336.1
"2017-05-03",2386.5,48.119999,0.9158,1326.9
"2017-05-04",2389.7900390625,47.599998,0.9118,1312.1
"2017-05-05",2392.3701171875,45.509998,0.9094,1305.8
"2017-05-08",2399.93994140625,46.349998,0.9151,1306.1
"2017-05-09",2401.580078125,46.490002,0.9195,1306.1
"2017-05-10",2396.7900390625,46.18,0.9197,1305
"2017-05-11",2394.84008789062,47.389999,0.92,1302.9
"2017-05-12",2392.43994140625,47.810001,0.9152,1305.7
"2017-05-15",2393.97998046875,47.849998,0.9108,1307.5
"2017-05-16",2404.55004882812,48.82,0.9032,1312.7
"2017-05-17",2382.94995117188,48.23,0.8981,1336.2
"2017-05-18",2354.68994140625,48.93,0.8985,1339.8
"2017-05-19",2371.3701171875,49.279999,0.8937,1329.9
"2017-05-22",2387.2099609375,50.599998,0.89,1338
"2017-05-23",2397.0400390625,51.040001,0.893,1332.1
"2017-05-24",2401.40991210938,51.439999,0.8949,1329.7
"2017-05-25",2409.5400390625,51.25,0.8914,1333.3
"2017-05-26",2414.5,48.75,0.8953,1344.8
"2017-05-30",2411.669921875,49.93,0.8942,1339.1
"2017-05-31",2415.6298828125,49.650002,0.89,1348.5
"2017-06-01",2415.64990234375,48.630001,0.8917,1343.2
"2017-06-02",2431.28002929688,48.040001,0.8873,1353.1
"2017-06-05",2437.830078125,47.709999,0.8889,1355.6
"2017-06-06",2431.919921875,47.400002,0.8876,1370
"2017-06-07",2432.03002929688,47.98,0.89,1365.6
"2017-06-08",2434.27001953125,45.849998,0.8915,1351.9
"2017-06-09",2436.38989257812,45.709999,0.8937,1343.9
"2017-06-12",2425.8798828125,45.799999,0.8925,1341.5
"2017-06-13",2434.14990234375,46.009998,0.8933,1342.8
"2017-06-14",2443.75,45.939999,0.8868,1348.2
"2017-06-15",2424.13989257812,44.689999,0.8967,1326.8
"2017-06-16",2431.23999023438,44.25,0.8933,1328.5
"2017-06-19",2442.55004882812,44.68,0.8961,1318.8
"2017-06-20",2450.65991210938,44.110001,0.899,1315.2
"2017-06-21",2439.31005859375,43.380001,0.8974,1317.1
"2017-06-22",2437.39990234375,42.549999,0.897,1320.4
"2017-06-23",2434.64990234375,42.799999,0.8932,1327.7
"2017-06-26",2443.32006835938,43.16,0.8932,1317.7
"2017-06-27",2436.34008789062,43.490002,0.885,1318.4
"2017-06-28",2428.69995117188,43.700001,0.88,1320.8
"2017-06-29",2442.3798828125,44.889999,0.8757,1322.8
"2017-06-30",2429.19995117188,44.889999,0.8763,1314
"2017-07-03",2431.38989257812,NA,0.8797,1289.9
"2017-07-05",2430.78002929688,47.040001,0.8821,1293.9
"2017-07-06",2423.43994140625,45.650002,0.8765,1296.7
"2017-07-07",2413.52001953125,45.349998,0.8775,1282.3
"2017-07-10",2424.51000976562,44.349998,0.8775,1286
"2017-07-11",2427.35009765625,44.580002,0.8749,1287.7
"2017-07-12",2435.75,45.740002,0.8763,1291.2
"2017-07-13",2444.98999023438,45.439999,0.8783,1288.5
"2017-07-14",2449.15991210938,46.080002,0.8732,1289
"2017-07-17",2459.5,46.68,0.8718,1305.4
"2017-07-18",2455.8798828125,45.990002,0.8637,1313.5
"2017-07-19",2463.85009765625,46.25,0.8682,1313.7
"2017-07-20",2475.56005859375,47.09,0.8595,1317.1
"2017-07-21",2467.39990234375,46.91,0.858,1325.9
"2017-07-24",2472.0400390625,45.619999,0.859,1323.6
"2017-07-25",2477.8798828125,46.459999,0.8579,1323.2
"2017-07-26",2479.96997070312,48.509998,0.8597,1322.4
"2017-07-27",2482.76000976562,48.700001,0.8579,1333.7
"2017-07-28",2469.1201171875,49.169998,0.8508,1342.6
"2017-07-31",2475.93994140625,49.849998,0.8456,1340.7
"2017-08-01",2477.10009765625,50.209999,0.8475,1346.3
"2017-08-02",2480.3798828125,48.799999,0.8431,1345.5
"2017-08-03",2476.03002929688,49.59,0.8418,1341.6
"2017-08-04",2476.8798828125,48.950001,0.8508,1331.7
"2017-08-07",2477.13989257812,49.59,0.8483,1326.4
"2017-08-08",2478.35009765625,49.310001,0.853,1330.4
"2017-08-09",2465.35009765625,49,0.8512,1347
"2017-08-10",2465.3798828125,49.68,0.851,1357.8
"2017-08-11",2441.0400390625,48.52,0.8467,1361.4
"2017-08-14",2454.9599609375,48.790001,0.8485,1358.1
"2017-08-15",2468.65991210938,47.490002,0.8521,1347.5
"2017-08-16",2468.6298828125,47.720001,0.8545,1350.8
"2017-08-17",2462.94995117188,46.799999,0.8521,1359.9
"2017-08-18",2427.63989257812,46.93,0.8512,1362.7
"2017-08-21",2425.5,48.720001,0.8465,1364.1
"2017-08-22",2433.75,47.450001,0.8502,1358.6
"2017-08-23",2444.8798828125,47.639999,0.8473,1361.7
"2017-08-24",2447.90991210938,48.360001,0.8474,1358.9
"2017-08-25",2444.71997070312,47.619999,0.8422,1364.8
"2017-08-28",2447.35009765625,47.889999,0.8352,1381.9
"2017-08-29",2431.93994140625,46.860001,0.8316,1385.7
"2017-08-30",2446.06005859375,46.310001,0.8384,1380.9
"2017-08-31",2462.64990234375,45.950001,0.8408,1389.5
"2017-09-01",2474.419921875,47.080002,0.8419,1397.1
"2017-09-05",2470.35009765625,47.279999,0.8396,1411.2
"2017-09-06",2463.830078125,48.59,0.8373,1405.9
"2017-09-07",2468.06005859375,49.139999,0.8314,1418
"2017-09-08",2462.25,49.09,0.8305,1419.3
"2017-09-11",2474.52001953125,47.580002,0.8358,1404.1
"2017-09-12",2491.93994140625,48.119999,0.8356,1406.6
"2017-09-13",2493.88989257812,48.34,0.8405,1396.7
"2017-09-14",2494.56005859375,49.310001,0.8413,1399.2
"2017-09-15",2495.669921875,49.720001,0.8362,1395.1
"2017-09-18",2502.51000976562,49.849998,0.8377,1380.3
"2017-09-19",2506.2900390625,49.91,0.8347,1382.6
"2017-09-20",2506.84008789062,49.84,0.8335,1388.3
"2017-09-21",2507.15991210938,50.720001,0.8371,1367.3
"2017-09-22",2497.26000976562,50.73,0.8355,1369.4
"2017-09-25",2499.38989257812,50.68,0.8437,1382
"2017-09-26",2501.0400390625,52.119999,0.8495,1374.1
"2017-09-27",2503.30004882812,52.09,0.8513,1360.7
"2017-09-28",2503.40991210938,52.049999,0.8492,1361.3
"2017-09-29",2509.9599609375,51.580002,0.8465,1357.6
"2017-10-02",2521.19995117188,51.639999,0.8514,1350.1
"2017-10-03",2530.34008789062,50.59,0.8504,1353.3
"2017-10-04",2533.47998046875,50.16,0.8503,1351
"2017-10-05",2540.86010742188,49.880001,0.8543,1348.3
"2017-10-06",2547.43994140625,50.75,0.8524,1350
"2017-10-09",2551.38989257812,49.25,NA,1362
"2017-10-10",2549.98999023438,49.549999,0.8472,1374.7
"2017-10-11",2550.6201171875,50.939999,0.8441,1364.5
"2017-10-12",2552.8798828125,51,0.8446,1372.3
"2017-10-13",2555.65991210938,50.73,0.8448,1372
"2017-10-16",2555.57006835938,51.43,0.8467,1382
"2017-10-17",2557.169921875,51.93,0.8508,1362.5
"2017-10-18",2562.8701171875,51.939999,0.8493,1359.3
"2017-10-19",2553.38989257812,52.049999,0.8445,1365.9
"2017-10-20",2567.56005859375,51.419998,0.8496,1356.2
"2017-10-23",2578.080078125,52.07,0.8502,1356.9
"2017-10-24",2568.65991210938,51.889999,0.8499,1354.2
"2017-10-25",2566.52001953125,52.560001,0.8473,1355.5
"2017-10-26",2560.080078125,52.189999,0.8547,1346.5
"2017-10-27",2570.26000976562,52.799999,0.8636,1351.7
"2017-10-30",2577.75,54.16,0.8601,1354.9
"2017-10-31",2575.98999023438,54.080002,0.8585,1347.7
"2017-11-01",2583.2099609375,54.650002,0.8607,1354.6
"2017-11-02",2579.4599609375,54.279999,0.8568,1355.4
"2017-11-03",2581.92993164062,54.73,0.8609,1346.9
"2017-11-06",2587.46997070312,55.970001,0.8621,1359.7
"2017-11-07",2592.11010742188,57.27,0.8638,1353.9
"2017-11-08",2588.7099609375,56.959999,0.8627,1362.3
"2017-11-09",2584,56.849998,0.8585,1366.8
"2017-11-10",2580.17993164062,57.02,NA,1354.5
"2017-11-13",2576.53002929688,56.900002,0.8579,1360.4
"2017-11-14",2577.75,56.720001,0.8501,1364.2
"2017-11-15",2569.44995117188,55.060001,0.8479,1358.7
"2017-11-16",2572.94995117188,55.299999,0.8495,1359.4
"2017-11-17",2582.93994140625,55.25,0.8475,1378
"2017-11-20",2579.48999023438,56.689999,0.8517,1357.6
"2017-11-21",2589.169921875,56.380001,0.8517,1364.8
"2017-11-22",2600.31005859375,57.119999,0.8482,1376.4
"2017-11-24",2600.419921875,NA,0.8378,1371.6
"2017-11-27",2602.65991210938,58.950001,0.8396,1378.7
"2017-11-28",2605.93994140625,57.860001,0.8419,1379
"2017-11-29",2627.82006835938,57.73,0.8433,1382
"2017-11-30",2633.92993164062,57.41,0.8405,1357.3
"2017-12-01",2645.10009765625,57.419998,0.8396,1362.8
"2017-12-04",2657.18994140625,58.32,0.844,1358
"2017-12-05",2639.78002929688,57.48,0.846,1345.1
"2017-12-06",2626.23999023438,57.450001,0.8483,1346.2
"2017-12-07",2628.3798828125,56,0.8482,1327.6
"2017-12-08",2646.2099609375,56.650002,0.8503,1330.5
"2017-12-11",2652.18994140625,57.25,0.8473,1326.8
"2017-12-12",2661.72998046875,58.02,0.8529,1321.9
"2017-12-13",2667.59008789062,57.450001,0.8502,1328.7
"2017-12-14",2665.8701171875,56.700001,0.849,1342
"2017-12-15",2660.6298828125,57.150002,0.849,1337.4
"2017-12-18",2685.919921875,57.369999,0.8472,1345.6
"2017-12-19",2692.7099609375,57.299999,0.8459,1344.8
"2017-12-20",2688.17993164062,57.66,0.8417,1350.4
"2017-12-21",2683.02001953125,58.02,0.8423,1351.3
"2017-12-22",2684.21997070312,58.209999,0.8447,1353.7
"2017-12-26",2679.09008789062,58.400002,0.8427,1368.5
"2017-12-27",2682.10009765625,59.790001,0.8402,1372.3
"2017-12-28",2686.10009765625,59.529999,0.8367,1372.1
"2017-12-29",2689.14990234375,59.91,0.8318,1391.9
"2018-01-02",2683.72998046875,60.200001,0.8299,1400.1
"2018-01-03",2697.85009765625,60.389999,0.8313,1399
"2018-01-04",2719.31005859375,61.959999,0.8289,1407.3
"2018-01-05",2731.330078125,61.900002,0.8306,1408.3
"2018-01-08",2742.669921875,61.610001,0.8352,1407.4
"2018-01-09",2751.14990234375,61.919998,0.8388,1398
"2018-01-10",2745.55004882812,63.41,0.8363,1408.3
"2018-01-11",2752.96997070312,63.5,0.8309,1411.4
"2018-01-12",2770.17993164062,63.57,0.8244,1425.7
"2018-01-16",2798.9599609375,64.43,0.8167,1428.1
"2018-01-17",2784.98999023438,63.889999,0.8177,1431
"2018-01-18",2802.39990234375,64.07,0.8171,1419
"2018-01-19",2802.60009765625,63.740002,0.8171,1425.9
"2018-01-22",2809.15991210938,63.610001,0.8177,1429.6
"2018-01-23",2835.05004882812,63.880001,0.8145,1434.2
"2018-01-24",2845.419921875,64.419998,0.8071,1456.3
"2018-01-25",2846.23999023438,65.879997,0.8008,1463.1
"2018-01-26",2847.47998046875,65.25,0.805,1453.7
"2018-01-29",2867.22998046875,66.18,0.8096,1441.3
"2018-01-30",2832.73999023438,65.529999,0.8071,1436.2
"2018-01-31",2832.40991210938,64.029999,0.8046,1439.4
"2018-02-01",2816.44995117188,64.760002,0.8012,1445.1
"2018-02-02",2808.919921875,65.989998,0.8035,1434.6
"2018-02-05",2741.06005859375,65.099998,0.8053,1432.9
"2018-02-06",2614.78002929688,63.43,0.8077,1425.4
"2018-02-07",2690.94995117188,63.919998,0.8143,1410.7
"2018-02-08",2685.01000976562,61.700001,0.8171,1414.8
"2018-02-09",2601.78002929688,60.43,0.8179,1410.1
"2018-02-12",2636.75,59.119999,0.8152,1420.9
"2018-02-13",2646.27001953125,59.349998,0.8089,1424.8
"2018-02-14",2651.2099609375,58.98,0.8067,1452.9
"2018-02-15",2713.4599609375,60.709999,0.8012,1451.5
"2018-02-16",2727.13989257812,61.450001,0.8037,1452.8
"2018-02-20",2722.98999023438,61.630001,0.8098,1428.4
"2018-02-21",2720.53002929688,61.630001,0.8121,1430.6
"2018-02-22",2710.419921875,61.34,0.8113,1431.4
"2018-02-23",2715.80004882812,62.599998,0.8131,1429
"2018-02-26",2757.3701171875,63.599998,0.8133,1433.1
"2018-02-27",2780.44995117188,64.059998,0.8171,1419.6
"2018-02-28",2753.78002929688,62.790001,0.8189,1419.2
"2018-03-01",2715.21997070312,61.549999,0.8186,1406
"2018-03-02",2658.88989257812,61.34,0.8121,1424.2
"2018-03-05",2681.06005859375,61.549999,0.811,1420.5
"2018-03-06",2730.17993164062,62.580002,0.8055,1435.9
"2018-03-07",2710.17993164062,62.299999,0.8066,1427.9
"2018-03-08",2732.75,61.330002,0.8121,1423.7
"2018-03-09",2752.90991210938,60.27,0.8113,1428
"2018-03-12",2790.5400390625,62.099998,0.8118,1424.8
"2018-03-13",2792.31005859375,61.369999,0.8066,1433.4
"2018-03-14",2774.06005859375,60.869999,0.8089,1429.7
"2018-03-15",2754.27001953125,60.950001,0.8116,1421.7
"2018-03-16",2750.57006835938,61.189999,0.8143,1416.3
"2018-03-19",2741.3798828125,62.23,0.8111,1421.7
"2018-03-20",2715.05004882812,62.099998,0.8149,1416.2
"2018-03-21",2714.98999023438,63.720001,0.8151,1426.6
"2018-03-22",2691.36010742188,65.5,0.8123,1432.2
"2018-03-23",2646.7099609375,64.279999,0.8091,1455
"2018-03-26",2619.35009765625,65.900002,0.8039,1461
"2018-03-27",2667.57006835938,65.529999,0.8058,1447.8
"2018-03-28",2611.30004882812,64.699997,0.8097,1428.9
"2018-03-29",2614.40991210938,64.690002,0.8132,1426
"2018-04-02",2633.44995117188,64.910004,0.8138,1445.8
"2018-04-03",2592.169921875,62.889999,0.8156,1436.5
"2018-04-04",2584.0400390625,63.59,0.8135,1439.7
"2018-04-05",2657.36010742188,63.599998,0.8177,1428.1
"2018-04-06",2645.82006835938,63.700001,0.8147,1435.9
"2018-04-09",2617.17993164062,62,0.8117,1439.6
"2018-04-10",2638.40991210938,63.299999,0.8105,1445.5
"2018-04-11",2643.88989257812,65.589996,0.8075,1460
"2018-04-12",2653.830078125,66.75,0.8117,1441.4
"2018-04-13",2676.89990234375,67.18,0.8116,1447.9
"2018-04-16",2670.10009765625,67.239998,0.8082,1450.6
"2018-04-17",2692.73999023438,66.419998,0.81,1449.3
"2018-04-18",2710.11010742188,66.68,0.8078,1460.1
"2018-04-19",2701.15991210938,68.75,0.8106,1453
"2018-04-20",2692.56005859375,68.260002,0.8142,1442
"2018-04-23",2675.39990234375,68.220001,0.8186,1424
"2018-04-24",2680.80004882812,68.949997,0.8179,1433.1
"2018-04-25",2634.919921875,67.75,0.8212,1422.9
"2018-04-26",2651.64990234375,68.029999,0.8256,1418
"2018-04-27",2675.46997070312,68.209999,0.8259,1423.6
"2018-04-30",2682.51000976562,68.150002,0.8282,1419.1
"2018-05-01",2642.9599609375,68.559998,0.8333,1406.4
"2018-05-02",2654.23999023438,67.489998,0.8356,1405.3
"2018-05-03",2628.080078125,67.68,0.8354,1412.4
"2018-05-04",2621.44995117188,68.5,0.8371,1414.7
"2018-05-07",2680.34008789062,69.849998,0.8384,1414.2
"2018-05-08",2670.26000976562,70.029999,0.843,1413.8
"2018-05-09",2678.1201171875,70.050003,0.8437,1413.5
"2018-05-10",2705.02001953125,71.230003,0.8406,1422.1
"2018-05-11",2722.69995117188,71.449997,0.8368,1420.4
"2018-05-14",2738.46997070312,70.540001,0.835,1417.9
"2018-05-15",2718.59008789062,71.150002,0.8429,1405.3
"2018-05-16",2712.6201171875,71.019997,0.8483,1392.1
"2018-05-17",2719.7099609375,71.559998,0.8476,1390
"2018-05-18",2717.35009765625,71.599998,0.8493,1391.3
"2018-05-21",2735.38989257812,71.470001,0.8498,1391.1
"2018-05-22",2738.34008789062,72.529999,0.8487,1392.1
"2018-05-23",2713.97998046875,72.110001,0.8552,1389.2
"2018-05-24",2730.93994140625,71.830002,0.8526,1404.2
"2018-05-25",2723.60009765625,70.650002,0.8572,1403.2
"2018-05-29",2705.11010742188,66.489998,0.8657,1393.7
"2018-05-30",2702.42993164062,66.849998,0.8573,1396.7
"2018-05-31",2720.97998046875,68.239998,0.8569,1395
"2018-06-01",2718.69995117188,67.07,0.8562,1392.4
"2018-06-04",2741.669921875,65.709999,0.855,1389.6
"2018-06-05",2748.4599609375,64.940002,0.8568,1394.5
"2018-06-06",2753.25,65.510002,0.849,1393.9
"2018-06-07",2774.84008789062,65.07,0.8464,1394.8
"2018-06-08",2765.84008789062,65.980003,0.8494,1394.8
"2018-06-11",2780.17993164062,65.559998,0.8473,1395.9
"2018-06-12",2785.60009765625,66.050003,0.848,1392.2
"2018-06-13",2787.93994140625,66.010002,0.8486,1393.9
"2018-06-14",2783.2099609375,66.620003,0.8595,1401
"2018-06-15",2777.78002929688,66.620003,0.8609,1369.7
"2018-06-18",2765.7900390625,64.400002,0.8616,1371.5
"2018-06-19",2752.01000976562,65.82,0.8638,1369.6
"2018-06-20",2769.72998046875,65.110001,0.8627,1376.8
"2018-06-21",2769.28002929688,65.339996,0.8621,1360
"2018-06-22",2760.7900390625,65.93,0.8598,1365
"2018-06-25",2742.93994140625,68.75,0.8551,1353.7
"2018-06-26",2722.1201171875,68.209999,0.8565,1350
"2018-06-27",2728.44995117188,70.68,0.863,1345.5
"2018-06-28",2698.68994140625,72.269997,0.8634,1340
"2018-06-29",2727.1298828125,73.330002,0.8564,1343.7
"2018-07-02",2704.94995117188,73.620003,0.8618,1329.7
"2018-07-03",2733.27001953125,NA,0.8581,1342.2
"2018-07-05",2724.18994140625,74.349998,0.8549,1347.4
"2018-07-06",2737.67993164062,73.160004,0.8519,1344.6
"2018-07-09",2775.6201171875,73.870003,0.8515,1348.8
"2018-07-10",2788.56005859375,74.040001,0.8527,1344.9
"2018-07-11",2779.82006835938,74.199997,0.8531,1333.1
"2018-07-12",2783.13989257812,70.599998,0.8553,1335.2
"2018-07-13",2796.92993164062,70.379997,0.8571,1327
"2018-07-16",2797.36010742188,70.519997,0.854,1327.5
"2018-07-17",2789.34008789062,68.029999,0.8573,1320
"2018-07-18",2811.35009765625,67.610001,0.8587,1315
"2018-07-19",2809.3701171875,69,0.8618,1302
"2018-07-20",2804.55004882812,69.389999,0.8541,1316.8
"2018-07-23",2799.169921875,68.169998,0.8546,1307.6
"2018-07-24",2820.67993164062,67.800003,0.8559,1310.8
"2018-07-25",2817.72998046875,68.769997,0.8564,1316.7
"2018-07-26",2835.48999023438,69.379997,0.8581,1311.5
"2018-07-27",2842.35009765625,69.580002,0.8576,1309
"2018-07-30",2819,69.010002,0.8534,1306.9
"2018-07-31",2809.72998046875,70.050003,0.8543,1309.8
"2018-08-01",2821.169921875,68.43,0.8572,1304
"2018-08-02",2800.47998046875,67.860001,0.8612,1308
"2018-08-03",2829.6201171875,68.989998,0.8623,1288.8
"2018-08-06",2840.2900390625,68.650002,0.8648,1302.8
"2018-08-07",2855.919921875,68.900002,0.8623,1294.2
"2018-08-08",2856.7900390625,69.089996,0.8622,1296.8
"2018-08-09",2857.18994140625,66.790001,0.8646,1295.8
"2018-08-10",2838.89990234375,66.739998,0.8773,1294.6
"2018-08-13",2835.4599609375,67.779999,0.8775,1274.1
"2018-08-14",2827.8798828125,67.419998,0.881,1273.4
"2018-08-15",2827.94995117188,66.620003,0.8825,1265.8
"2018-08-16",2831.43994140625,64.949997,0.8781,1258
"2018-08-17",2838.32006835938,65.470001,0.8764,1258.1
"2018-08-20",2853.92993164062,65.910004,0.8743,1266
"2018-08-21",2861.51000976562,66.620003,0.867,1272.9
"2018-08-22",2860.98999023438,66.080002,0.8624,1280.2
"2018-08-23",2860.2900390625,68.07,0.8645,1265.2
"2018-08-24",2862.35009765625,67.900002,0.8602,1285
"2018-08-27",2884.68994140625,68.57,0.8565,1288
"2018-08-28",2901.44995117188,68.93,0.8532,1286.4
"2018-08-29",2900.6201171875,68.540001,0.8548,1283.3
"2018-08-30",2908.93994140625,69.709999,0.8587,1276.1
"2018-08-31",2898.3701171875,70.059998,0.8624,1277.7
"2018-09-04",2896.9599609375,70.120003,0.8646,1270.2
"2018-09-05",2891.59008789062,69.43,0.8606,1266.1
"2018-09-06",2888.63989257812,68.639999,0.8603,1275.7
"2018-09-07",2868.26000976562,67.879997,0.8642,1272.1
"2018-09-10",2881.38989257812,67.82,0.8618,1271.6
"2018-09-11",2871.57006835938,67.529999,0.8627,1274.4
"2018-09-12",2888.2900390625,69.889999,0.8601,1269.6
"2018-09-13",2896.85009765625,70.239998,0.8568,1281
"2018-09-14",2906.3798828125,68.790001,0.8579,1273.8
"2018-09-17",2903.830078125,68.93,0.8557,1278.4
"2018-09-18",2890.73999023438,68.800003,0.8552,1275.7
"2018-09-19",2906.60009765625,69.709999,0.8558,1281.5
"2018-09-20",2919.72998046875,71.389999,0.8515,1284.4
"2018-09-21",2936.76000976562,70.199997,0.8519,1274.3
"2018-09-24",2921.830078125,71.139999,0.8494,1277.4
"2018-09-25",2921.75,72.25,0.8496,1278.2
"2018-09-26",2916.97998046875,72.089996,0.8505,1271.8
"2018-09-27",2911.64990234375,72.010002,0.8569,1260
"2018-09-28",2910.03002929688,72.18,0.8604,1270
"2018-10-01",2926.2900390625,73.290001,0.8645,1264.4
"2018-10-02",2923.80004882812,75.419998,0.8651,1280.7
"2018-10-03",2931.68994140625,75.120003,0.8677,1276.7
"2018-10-04",2919.35009765625,76.18,0.869,1275.5
"2018-10-05",2902.5400390625,74.669998,0.8694,1280.2
"2018-10-08",2877.53002929688,74.400002,NA,1262.9
"2018-10-09",2882.51000976562,74.209999,0.8709,1265.8
"2018-10-10",2873.89990234375,74.660004,0.8665,1267.7
"2018-10-11",2776.8701171875,72.68,0.8647,1271.2
"2018-10-12",2770.5400390625,70.989998,0.8651,1296.3
"2018-10-15",2763.830078125,71.849998,0.8625,1305.4
"2018-10-16",2767.05004882812,71.720001,0.8626,1305.8
"2018-10-17",2811.669921875,72.169998,0.8666,1301.9
"2018-10-18",2802,70.029999,0.87,1305.1
"2018-10-19",2775.65991210938,68.68,0.8686,1303.8
"2018-10-22",2773.93994140625,69.410004,0.8721,1299.8
"2018-10-23",2721.03002929688,69.550003,0.8711,1312
"2018-10-24",2737.8701171875,66.169998,0.878,1305.5
"2018-10-25",2674.8798828125,66.360001,0.8792,1306.7
"2018-10-26",2667.86010742188,66.949997,0.8781,1309.7
"2018-10-29",2682.64990234375,67.550003,0.878,1301.1
"2018-10-30",2640.67993164062,66.68,0.88,1296.7
"2018-10-31",2705.60009765625,66.32,0.8825,1291.1
"2018-11-01",2717.580078125,64.879997,0.8775,1312.2
"2018-11-02",2745.44995117188,63.5,0.8789,1307.3
"2018-11-05",2726.3701171875,62.990002,0.8777,1306.4
"2018-11-06",2738.39990234375,62.700001,0.8763,1300.4
"2018-11-07",2774.1298828125,61.740002,0.8727,1302.8
"2018-11-08",2806.3798828125,61.639999,0.876,1299.3
"2018-11-09",2794.10009765625,60.75,0.883,1282.2
"2018-11-12",2773.92993164062,60.700001,NA,1276.8
"2018-11-13",2730.05004882812,58.880001,0.8859,1274.7
"2018-11-14",2737.89990234375,55.27,0.884,1283.2
"2018-11-15",2693.52001953125,56.02,0.8831,1287.6
"2018-11-16",2718.5400390625,56.580002,0.877,1294.9
"2018-11-19",2730.73999023438,56.720001,0.8735,1297.5
"2018-11-20",2654.60009765625,57.389999,0.8779,1293.4
"2018-11-21",2657.73999023438,53.389999,0.8777,1300.8
"2018-11-23",2633.36010742188,NA,0.8825,1296.1
"2018-11-26",2649.96997070312,50.619999,0.8821,1295.8
"2018-11-27",2663.75,51.540001,0.8864,1286.5
"2018-11-28",2691.44995117188,52.09,0.8861,1296.4
"2018-11-29",2736.96997070312,50.310001,0.8786,1297
"2018-11-30",2737.76000976562,51.27,0.8832,1289.7
"2018-12-03",2790.5,52.450001,0.8806,1306.4
"2018-12-04",2782.42993164062,53.130001,0.8814,1313.6
"2018-12-06",2663.51000976562,52.93,0.8792,1313.9
"2018-12-07",2691.26000976562,51.759998,0.878,1319.5
"2018-12-10",2630.86010742188,52.029999,0.8797,1314.8
"2018-12-11",2664.43994140625,50.889999,0.8839,1312.9
"2018-12-12",2658.22998046875,51.950001,0.8801,1315.8
"2018-12-13",2658.69995117188,51.200001,0.8804,1313.2
"2018-12-14",2629.67993164062,52.830002,0.885,1307
"2018-12-17",2590.75,51.25,0.8819,1317.4
"2018-12-18",2559.89990234375,49.16,0.88,1318.5
"2018-12-19",2547.05004882812,45.93,0.8755,1321.3
"2018-12-20",2496.77001953125,47.389999,0.8747,1333.1
"2018-12-21",2465.3798828125,46.25,0.877,1323.1
"2018-12-24",2400.56005859375,NA,NA,1337
"2018-12-26",2363.1201171875,42.849998,0.8766,1343
"2018-12-27",2442.5,46.580002,0.8763,1346.5
"2018-12-28",2498.77001953125,45.439999,0.8737,1348.3
"2018-12-31",2498.93994140625,45.220001,0.8729,1347.1
"2019-01-02",2476.9599609375,45.799999,0.8805,1349.5
"2019-01-03",2491.919921875,46.259998,0.8773,1359.8
"2019-01-04",2474.330078125,46.900002,0.8764,1351.8
"2019-01-07",2535.61010742188,48.299999,0.872,1355.2
"2019-01-08",2568.11010742188,48.73,0.8738,1351.1
"2019-01-09",2580,49.799999,0.8678,1357.3
"2019-01-10",2573.51000976562,52.18,0.8683,1353
"2019-01-11",2588.11010742188,52.279999,0.8712,1355.4
"2019-01-14",2580.31005859375,51.73,NA,1357.2
"2019-01-15",2585.10009765625,50.779999,0.8778,1353.7
"2019-01-16",2614.75,52,0.8766,1359.3
"2019-01-17",2609.28002929688,52.299999,0.8783,1357.9
"2019-01-18",2651.27001953125,52.23,0.8801,1348.1
"2019-01-22",2657.8798828125,53.73,0.8804,1348.4
"2019-01-23",2643.47998046875,52.950001,0.878,1349.3
"2019-01-24",2638.84008789062,52.450001,0.8832,1344.9
"2019-01-25",2657.43994140625,53.169998,0.8767,1360
"2019-01-28",2644.96997070312,53.560001,0.8743,1369.8
"2019-01-29",2644.88989257812,52.119999,0.8754,1375.6
"2019-01-30",2653.6201171875,53.240002,0.8758,1377.6
"2019-01-31",2685.48999023438,54.279999,0.8731,1384
"2019-02-01",2702.32006835938,54.009998,0.8715,1382.6
"2019-02-04",2706.48999023438,55.32,0.8743,1378.3
"2019-02-05",2728.34008789062,54.860001,0.8767,1378.6
"2019-02-06",2735.05004882812,53.73,0.8787,1373.8
"2019-02-07",2717.53002929688,53.939999,0.8805,1373.6
"2019-02-08",2692.36010742188,52.59,0.8829,1377.8
"2019-02-11",2712.39990234375,52.66,0.8868,1371.2
"2019-02-12",2722.61010742188,52.470001,0.8837,1373.2
"2019-02-13",2750.30004882812,53.349998,0.8859,1374.6
"2019-02-14",2743.5,53.959999,0.8862,1373.2
"2019-02-15",2760.23999023438,54.48,0.8875,1381.2
"2019-02-19",2769.28002929688,55.779999,0.8828,1403.9
"2019-02-20",2779.05004882812,55.939999,NA,1406.7
"2019-02-21",2780.23999023438,57.240002,0.882,1388
"2019-02-22",2780.669921875,56.84,0.8817,1392.5
"2019-02-25",2804.35009765625,57.169998,0.8814,1389
"2019-02-26",2792.36010742188,55.459999,0.8792,1387.9
"2019-02-27",2787.5,55.950001,0.8795,1380.5
"2019-02-28",2788.11010742188,57,0.8788,1374
"2019-03-01",2798.21997070312,57.220001,0.879,1358.3
"2019-03-04",2814.3701171875,55.830002,0.8828,1346.3
"2019-03-05",2794.40991210938,56.450001,0.885,1343.5
"2019-03-06",2790.27001953125,56.279999,0.8834,1346.5
"2019-03-07",2766.53002929688,56.200001,0.8917,1344.9
"2019-03-08",2730.7900390625,56.43,0.8894,1358.5
"2019-03-11",2747.61010742188,56.07,0.8908,1350
"2019-03-12",2787.34008789062,56.759998,0.8868,1356.6
"2019-03-13",2799.78002929688,57.09,0.8842,1368.1
"2019-03-14",2810.3798828125,58.349998,0.8846,1352.9
"2019-03-15",2810.7900390625,58.509998,0.8829,1360.6
"2019-03-18",2822.61010742188,58.450001,0.8821,1359.4
"2019-03-19",2840.76000976562,59.009998,0.8814,1364.7
"2019-03-20",2831.34008789062,59.02,0.8809,1359.5
"2019-03-21",2819.71997070312,59.990002,0.8802,1364.5
"2019-03-22",2844.52001953125,59.869999,0.8864,1368.2
"2019-03-25",2796.01000976562,58.98,0.8831,1378.1
"2019-03-26",2812.65991210938,59.119999,0.8865,1369.3
"2019-03-27",2819.71997070312,60.029999,0.8889,1363.8
"2019-03-28",2809.39990234375,59.400002,0.89,1348
"2019-03-29",2828.27001953125,59.529999,0.8906,1354.1
"2019-04-01",2848.6298828125,60.240002,0.8921,1342.7
"2019-04-02",2868.23999023438,61.810001,0.894,1340.8
"2019-04-03",2876.09008789062,62.639999,0.8895,1344
"2019-04-04",2873.98999023438,62.5,0.8916,1343.5
"2019-04-05",2884.15991210938,62.18,0.8915,1345.2
"2019-04-08",2888.4599609375,63.330002,0.8879,1351.9
"2019-04-09",2886.580078125,64.400002,0.8867,1358.4
"2019-04-10",2881.3701171875,64.220001,0.8876,1363.9
"2019-04-11",2891.919921875,64.480003,0.8879,1356.6
"2019-04-12",2900.86010742188,63.709999,0.8846,1346.3
"2019-04-15",2908.32006835938,63.759998,0.8846,1342.4
"2019-04-16",2912.26000976562,63.57,0.8855,1329.1
"2019-04-17",2916.0400390625,64.32,0.8852,1327.6
"2019-04-18",2904.81005859375,63.75,0.8896,1326.9
"2019-04-22",2898.78002929688,64,0.8883,1328.5
"2019-04-23",2909.98999023438,65.75,0.8918,1323.8
"2019-04-24",2934,66.169998,0.8935,1329.9
"2019-04-25",2928.98999023438,65.809998,0.8977,1330.2
"2019-04-26",2925.81005859375,65.129997,0.8965,1339.2
"2019-04-29",2940.580078125,62.950001,0.8956,1331.6
"2019-04-30",2937.13989257812,63.580002,0.8928,1335.7
"2019-05-01",2952.330078125,63.400002,0.8892,1334.2
"2019-05-02",2922.15991210938,63.610001,0.8941,1323
"2019-05-03",2929.2099609375,61.549999,0.894,1331.7
"2019-05-06",2908.88989257812,61.43,0.8931,1334
"2019-05-07",2913.03002929688,62.169998,0.8946,1335.8
"2019-05-08",2879.61010742188,61.439999,0.8924,1338
"2019-05-09",2859.84008789062,62.02,0.8906,1335.1
"2019-05-10",2863.10009765625,61.639999,0.8896,1337.2
"2019-05-13",2840.18994140625,61.650002,0.8903,1350.2
"2019-05-14",2820.1201171875,60.860001,0.8923,1343.4
"2019-05-15",2820.3798828125,61.369999,0.8922,1344.5
"2019-05-16",2855.80004882812,62.119999,0.8946,1333.1
"2019-05-17",2858.60009765625,63.119999,0.8956,1322.5
"2019-05-20",2841.93994140625,63.529999,0.8953,1324.2
"2019-05-21",2854.02001953125,63.279999,0.8962,1320.1
"2019-05-22",2856.06005859375,62.639999,0.8964,1321.3
"2019-05-23",2836.69995117188,61.27,0.8951,1328.4
"2019-05-24",2832.40991210938,58.209999,0.8931,1329.2
"2019-05-28",2830.03002929688,58.939999,0.8947,1322.6
"2019-05-29",2790.25,59.07,0.898,1327.8
"2019-05-30",2786.93994140625,59.119999,0.8977,1332.4
"2019-05-31",2766.14990234375,56.459999,0.8969,1342.9
"2019-06-03",2751.53002929688,53.419998,0.8924,1356.5
"2019-06-04",2762.63989257812,52.889999,0.89,1366.5
"2019-06-05",2818.09008789062,52.860001,0.8895,1376.6
"2019-06-06",2828.51000976562,51.66,0.8854,1370
"2019-06-07",2852.8701171875,53.099998,0.8831,1388.5
"2019-06-10",2885.830078125,54.240002,0.8841,1378
"2019-06-11",2903.27001953125,53.43,0.8837,1369
"2019-06-12",2882.72998046875,53.040001,0.8842,1373.8
"2019-06-13",2886.23999023438,51.07,0.8869,1378.3
"2019-06-14",2886.82006835938,52.18,0.8915,1389.2
"2019-06-17",2889.75,52.5,0.8901,1379.7
"2019-06-18",2906.7099609375,51.950001,0.8932,1379.7
"2019-06-19",2920.55004882812,54.09,0.8917,1382.1
"2019-06-20",2949.60009765625,54.119999,0.8862,1419.1
"2019-06-21",2952.7099609375,57.259998,0.8828,1444
"2019-06-24",2951.419921875,57.720001,0.8777,1439.1
"2019-06-25",2945.78002929688,57.740002,0.8783,1461.3
"2019-06-26",2926.07006835938,58.84,0.878,1441.9
"2019-06-27",2919.65991210938,59.27,0.8794,1444.5
"2019-06-28",2932.93994140625,59.220001,0.8792,1451
"2019-07-01",2971.40991210938,59.27,0.8844,1444
"2019-07-02",2964.65991210938,59.139999,0.8849,1428.6
"2019-07-03",2978.080078125,NA,0.8869,1465.5
"2019-07-05",2984.25,57.380001,0.8916,1428
"2019-07-08",2979.77001953125,57.77,0.8922,1436.9
"2019-07-09",2965.52001953125,57.560001,0.8921,1430.6
"2019-07-10",2989.30004882812,58.400002,0.8881,1450.5
"2019-07-11",2999.6201171875,60.439999,0.888,1461.4
"2019-07-12",3003.36010742188,60.459999,0.8886,1450.9
"2019-07-15",3017.80004882812,60.25,0.8881,1452.3
"2019-07-16",3012.1298828125,59.259998,0.8919,1453.4
"2019-07-17",3005.10009765625,57.52,0.8903,1455
"2019-07-18",2978.8701171875,56.599998,0.8906,1464.4
"2019-07-19",3004.26000976562,55.720001,0.8913,1483.3
"2019-07-22",2981.92993164062,56.220001,0.8917,1466
"2019-07-23",2994.73999023438,56.169998,0.8964,1458.6
"2019-07-24",2998.77001953125,57.23,0.8976,1467.2
"2019-07-25",3016.26000976562,55.900002,0.8964,1465.1
"2019-07-26",3013.25,55.93,0.8992,1460.4
"2019-07-29",3024.46997070312,56.200001,0.8975,1461.7
"2019-07-30",3007.65991210938,57.07,0.897,1469
"2019-07-31",3016.21997070312,58.34,0.8985,1460.5
"2019-08-01",2980.32006835938,57.849998,0.904,1450.8
"2019-08-02",2943.89990234375,54.540001,0.8999,1476.2
"2019-08-05",2898.07006835938,55.380001,0.8931,1487.4
"2019-08-06",2861.17993164062,54.950001,0.8932,1507.2
"2019-08-07",2858.64990234375,53.419998,0.89,1510.6
"2019-08-08",2896.2099609375,52.330002,0.8921,1533
"2019-08-09",2930.51000976562,52.880001,0.8911,1542.8
"2019-08-12",2907.07006835938,54.32,0.8919,1536
"2019-08-13",2880.71997070312,54.73,0.8943,1556.2
"2019-08-14",2894.14990234375,56.740002,0.8973,1538.5
"2019-08-15",2846.19995117188,54.900002,0.9004,1553
"2019-08-16",2864.73999023438,54.740002,0.9016,1557.4
"2019-08-19",2913.47998046875,54.959999,0.9012,1543.9
"2019-08-20",2919.01000976562,56.099998,0.9016,1530.2
"2019-08-21",2922.0400390625,56.049999,0.9011,1532.7
"2019-08-22",2930.93994140625,55.939999,0.9018,1534.3
"2019-08-23",2911.07006835938,55.349998,0.897,1539
"2019-08-26",2866.69995117188,53.25,0.8999,1584.5
"2019-08-27",2893.13989257812,53.759998,0.9014,1566.2
"2019-08-28",2861.28002929688,55.709999,0.9022,1572.3
"2019-08-29",2910.3701171875,55.880001,0.9042,1571.9
"2019-08-30",2937.09008789062,56.630001,0.91,1564.1
"2019-09-03",2909.01000976562,55,0.9117,1562.8
"2019-09-04",2924.669921875,53.919998,0.907,1582.7
"2019-09-05",2960.60009765625,55.950001,0.906,1579.5
"2019-09-06",2980.330078125,56.189999,0.9056,1551
"2019-09-09",2988.42993164062,56.799999,0.9045,1540.1
"2019-09-10",2971.01000976562,58.029999,0.9056,1531.9
"2019-09-11",2981.40991210938,57.889999,0.909,1528.8
"2019-09-12",3009.080078125,55.93,0.903,1530.4
"2019-09-13",3012.2099609375,55.150002,0.903,1543.4
"2019-09-16",2996.40991210938,61.48,0.9086,1542.6
"2019-09-17",2995.669921875,61.959999,0.9039,1538.8
"2019-09-18",3001.5,58.810001,0.9041,1538.9
"2019-09-19",3010.36010742188,58.200001,0.9053,1528.8
"2019-09-20",3008.419921875,58.650002,0.9088,1537.8
"2019-09-23",2983.5,59.25,0.9098,1556.6
"2019-09-24",3002.42993164062,58.439999,0.9092,1560.1
"2019-09-25",2968.35009765625,56.700001,0.9133,1572
"2019-09-26",2985.72998046875,56.689999,0.9142,1538.9
"2019-09-27",2985.46997070312,56.509998,0.9139,1538.3
"2019-09-30",2967.07006835938,56.540001,0.917,1533
"2019-10-01",2983.68994140625,54.279999,0.9147,1502.6
"2019-10-02",2924.78002929688,54,0.9132,1512.8
"2019-10-03",2885.3798828125,52.470001,0.9098,1536.8
"2019-10-04",2918.56005859375,52.290001,0.9112,1541.3
"2019-10-07",2944.22998046875,52.689999,0.9104,1538.9
"2019-10-08",2920.39990234375,52.810001,0.9133,1524.2
"2019-10-09",2911.10009765625,52.57,0.9109,1539.7
"2019-10-10",2918.55004882812,52.689999,0.9076,1548
"2019-10-11",2963.07006835938,53.880001,0.9059,1533.7
"2019-10-14",2965.81005859375,54.900002,NA,1529
"2019-10-15",2973.61010742188,53.509998,0.9061,1522.9
"2019-10-16",2989.67993164062,52.919998,0.9029,1515.5
"2019-10-17",3000.77001953125,52.990002,0.8986,1519.9
"2019-10-18",2996.84008789062,54.09,0.8965,1526.1
"2019-10-21",2996.47998046875,53.709999,0.8973,1524.9
"2019-10-22",3010.72998046875,53.389999,0.8978,1517.3
"2019-10-23",2994.01000976562,54.299999,0.8994,1522
"2019-10-24",3014.78002929688,55.900002,0.9011,1524.3
"2019-10-25",3003.32006835938,56.07,0.9024,1537.5
"2019-10-28",3032.1201171875,56.650002,0.9014,1535.7
"2019-10-29",3035.38989257812,55.799999,0.8995,1524.2
"2019-10-30",3039.73999023438,55.529999,0.899,1520.8
"2019-10-31",3046.89990234375,54.900002,0.8965,1527
"2019-11-01",3050.71997070312,54.150002,0.8953,1542.1
"2019-11-04",3078.9599609375,56.41,0.8973,1544.8
"2019-11-05",3080.80004882812,56.560001,0.9033,1535
"2019-11-06",3075.10009765625,57.259998,0.9029,1516.7
"2019-11-07",3087.02001953125,56.349998,0.9054,1520.1
"2019-11-08",3081.25,57.080002,0.9075,1500.5
"2019-11-11",3080.330078125,57.400002,NA,1494
"2019-11-12",3089.28002929688,56.889999,0.9077,1487.8
"2019-11-13",3084.17993164062,56.790001,0.9088,1489.9
"2019-11-14",3090.75,57.389999,0.9078,1495.1
"2019-11-15",3107.919921875,56.91,0.9053,1496.3
"2019-11-18",3117.90991210938,57.880001,0.9026,1498.4
"2019-11-19",3127.44995117188,56.900002,0.9029,1501.3
"2019-11-20",3114.65991210938,55.16,0.9039,1505.5
"2019-11-21",3108.48999023438,57,0.9036,1505.5
"2019-11-22",3111.40991210938,58.310001,0.9067,1497.7
"2019-11-25",3117.43994140625,57.919998,0.9083,1490.9
"2019-11-26",3134.85009765625,57.919998,0.9081,1484.3
"2019-11-27",3145.48999023438,58.27,0.9089,1489.2
"2019-11-29",3147.17993164062,NA,0.9075,1488
"2019-12-02",3143.85009765625,55.470001,0.9029,1494
"2019-12-03",3087.40991210938,55.959999,0.9018,1491.1
"2019-12-04",3103.5,56.43,0.9029,1509.1
"2019-12-05",3119.2099609375,58.360001,0.9006,1505
"2019-12-06",3134.6201171875,58.32,0.9048,1503
"2019-12-09",3141.86010742188,59.110001,0.9036,1493.2
"2019-12-10",3135.36010742188,58.919998,0.9017,1490.6
"2019-12-11",3135.75,59.060001,0.9016,1500
"2019-12-12",3141.22998046875,58.880001,0.8997,1511.2
"2019-12-13",3166.64990234375,59.360001,0.8986,1493
"2019-12-16",3183.6298828125,59.869999,0.8977,1505.4
"2019-12-17",3195.39990234375,60.23,0.897,1505.8
"2019-12-18",3195.2099609375,60.549999,0.8998,1506.4
"2019-12-19",3192.32006835938,60.860001,0.8986,1505.4
"2019-12-20",3223.330078125,61.110001,0.9029,1508.1
"2019-12-23",3226.05004882812,60.41,0.9016,1510.7
"2019-12-24",3225.44995117188,NA,0.9022,1518.6
"2019-12-26",3227.19995117188,61.200001,0.9007,1528.9
"2019-12-27",3247.22998046875,61.73,0.8949,1540.7
"2019-12-30",3240.09008789062,61.709999,0.8915,1543.9
"2019-12-31",3215.17993164062,61.68,0.8907,1546.7
